actor/actor_loss,actor/adv,actor/adv_median,actor/bc_log_probs,actor/mse,high_actor/high_actor_loss,high_actor/high_adv,high_actor/high_adv_median,high_actor/high_bc_log_probs,high_actor/high_mse,high_actor/high_scale,value/abs adv mean,value/accept prob,value/adv max,value/adv mean,value/adv min,value/v max,value/v mean,value/v min,value/value_loss,step
2.1698451042175293,0.0006761513650417328,0.010486133396625519,-1.9519577026367188,7.6875,18.302490234375,-0.040664754807949066,-0.03623826801776886,-14.316232681274414,1.0253695249557495,1.0,1.3547253608703613,0.12109375,1.4373557567596436,-1.2314190864562988,-3.866132974624634,3.251955032348633,0.3864005208015442,-2.6928517818450928,0.892866849899292,1
1.5995466709136963,0.004806601908057928,0.0007079839706420898,-1.5875458717346191,2.73046875,9.067960739135742,-0.00197433540597558,0.0003827810287475586,-9.05691146850586,0.02606058120727539,0.9733914732933044,2.002753257751465,0.27734375,3.0699968338012695,-0.4016161561012268,-1.936933994293213,-1.6663447618484497,-1.8125874996185303,-2.549800395965576,3.1998448371887207,100
1.84248685836792,6.378348916769028e-05,0.0002918243408203125,-1.8421440124511719,4.1328125,8.767475128173828,-0.0006576953455805779,-0.0016264915466308594,-8.770187377929688,0.027157818898558617,0.9445595741271973,1.715381145477295,0.1875,2.7764575481414795,-0.7432191967964172,-1.9410896301269531,-1.9202173948287964,-2.0324573516845703,-2.7063992023468018,2.232320547103882,200
1.8307273387908936,0.002598019316792488,0.00022518634796142578,-1.8264367580413818,4.1484375,14.74759578704834,0.004479493014514446,0.0010460615158081055,-14.641212463378906,1.0701802968978882,0.9204232096672058,1.627110481262207,0.20703125,2.475142240524292,-0.6242988109588623,-1.604992151260376,-1.617619514465332,-1.7818471193313599,-1.8776882886886597,2.13909912109375,300
1.2622584104537964,1.2210570275783539e-05,6.794929504394531e-06,-1.2551543712615967,2.21875,10.752817153930664,0.0017036143690347672,-0.00024259090423583984,-10.728286743164062,0.4299538731575012,0.9033268094062805,1.5413768291473389,0.1953125,2.5907771587371826,-0.6405827403068542,-2.2889509201049805,0.01552406046539545,-1.995385766029358,-2.4069769382476807,1.8864960670471191,400
1.7807537317276,-0.0013407813385128975,2.09808349609375e-05,-1.7821173667907715,3.5703125,10.314533233642578,-0.0007918183691799641,-0.0012584328651428223,-10.303868293762207,0.39536336064338684,0.886280357837677,1.4307925701141357,0.1640625,2.2461657524108887,-0.7107257843017578,-1.3662662506103516,-1.6134822368621826,-1.7241394519805908,-1.882857084274292,1.6565065383911133,500
1.830155372619629,0.00017610378563404083,-0.00043773651123046875,-1.8289775848388672,5.61328125,9.812908172607422,-0.012059940956532955,0.0009306073188781738,-9.960286140441895,0.37297695875167847,0.8685768246650696,1.3790643215179443,0.17578125,2.171407461166382,-0.639997124671936,-1.3059935569763184,-1.3105194568634033,-1.512042760848999,-1.9198840856552124,1.658660650253296,600
1.689687728881836,-0.005486809182912111,0.0,-1.6954870223999023,3.61328125,8.247945785522461,-0.0043849037028849125,0.000717461109161377,-8.339407920837402,0.13490144908428192,0.8510410189628601,1.3676949739456177,0.21484375,2.09645414352417,-0.49629536271095276,-1.3160977363586426,-1.4454621076583862,-1.7979753017425537,-2.1705703735351562,1.6793320178985596,700
1.7445173263549805,-0.006989866029471159,0.0002117156982421875,-1.7582416534423828,4.39453125,9.021088600158691,-0.000759356189519167,-0.004863321781158447,-8.99232006072998,0.2803456783294678,0.8327832221984863,1.2940834760665894,0.171875,2.029686212539673,-0.6232028007507324,-1.8346447944641113,-0.7120465040206909,-1.5482518672943115,-2.2614569664001465,1.4663196802139282,800
1.7937052249908447,0.015131108462810516,0.00020551681518554688,-1.6743474006652832,4.17578125,9.280353546142578,-0.0026103374548256397,0.004589498043060303,-9.24854850769043,0.33636385202407837,0.8153430819511414,1.2796382904052734,0.203125,1.9700102806091309,-0.5068169236183167,-1.5560674667358398,1.8657015562057495,-1.646803379058838,-2.2274844646453857,1.4870803356170654,900
1.7274292707443237,-0.00612087594345212,0.00014340877532958984,-1.7306160926818848,4.37109375,9.157649993896484,0.003165673930197954,0.001020193099975586,-9.088294982910156,0.3502723276615143,0.8050697445869446,1.2341246604919434,0.1796875,1.9606125354766846,-0.566205620765686,-1.7662792205810547,0.5624757409095764,-1.6284120082855225,-3.057997941970825,1.3759808540344238,1000
1.821319818496704,0.0118936812505126,-2.300739288330078e-05,-1.7931160926818848,4.6171875,10.306938171386719,0.026181316003203392,0.0009450912475585938,-9.594438552856445,0.4546690881252289,0.788874089717865,1.2090479135513306,0.1953125,1.888922929763794,-0.5114099979400635,-1.3070518970489502,-0.5410718321800232,-1.7312315702438354,-3.648805618286133,1.2948580980300903,1100
1.46121084690094,0.00601755129173398,0.0003638267517089844,-1.4322443008422852,3.21484375,10.789168357849121,0.0002926662564277649,0.0024146437644958496,-10.16468620300293,0.5199493765830994,0.7739548087120056,1.1769165992736816,0.1796875,1.9424114227294922,-0.5650917291641235,-1.5686681270599365,-0.22100435197353363,-1.5724694728851318,-3.529477834701538,1.2379176616668701,1200
1.8565601110458374,0.0067154113203287125,7.581710815429688e-05,-1.7889633178710938,5.36328125,10.236854553222656,-0.03315063565969467,-0.0018084049224853516,-9.224394798278809,0.421124130487442,0.7560358643531799,1.1837875843048096,0.1953125,1.8810917139053345,-0.4996693730354309,-2.4823222160339355,-0.19360925257205963,-1.66225004196167,-3.702038049697876,1.301912784576416,1300
1.7381500005722046,-0.004354401957243681,5.459785461425781e-05,-1.7323486804962158,4.55859375,18.148624420166016,0.01545579731464386,-0.0007222890853881836,-15.584188461303711,1.1216731071472168,0.741673469543457,1.1806285381317139,0.2109375,1.8313473463058472,-0.46233782172203064,-1.7762451171875,0.44773784279823303,-1.8761274814605713,-5.309379577636719,1.3263885974884033,1400
1.847096562385559,0.02023809775710106,0.00028061866760253906,-1.7276570796966553,3.71484375,16.78390884399414,0.057147275656461716,0.0018556714057922363,-9.800556182861328,0.5219964385032654,0.7343835234642029,1.1577779054641724,0.203125,1.80708646774292,-0.4910523295402527,-2.311251640319824,0.17720195651054382,-1.7064793109893799,-5.280421733856201,1.2687033414840698,1500
1.7434639930725098,-0.018897928297519684,7.808208465576172e-05,-1.7330513000488281,3.86328125,18.317232131958008,-0.05044945701956749,-0.004522740840911865,-11.261472702026367,0.7040993571281433,0.7260706424713135,1.175358772277832,0.20703125,1.8233883380889893,-0.4930375814437866,-3.0137887001037598,-0.3022836744785309,-1.5225811004638672,-5.321710586547852,1.3257434368133545,1600
1.9127864837646484,0.023027142509818077,0.00041484832763671875,-1.7301511764526367,4.83984375,20.599552154541016,-0.05732090771198273,-0.0021638870239257812,-12.612390518188477,0.9041857719421387,0.7279691100120544,1.0769612789154053,0.20703125,1.7678155899047852,-0.48785310983657837,-1.699303150177002,-0.4846595227718353,-1.7780725955963135,-6.460837364196777,1.1074633598327637,1700
1.6886961460113525,-0.017558608204126358,0.0005861520767211914,-1.6740692853927612,4.95703125,24.42020034790039,0.04419955238699913,-0.003156304359436035,-12.921154022216797,0.9434097409248352,0.7361240386962891,1.1307780742645264,0.1796875,1.7917265892028809,-0.5551562905311584,-3.655991554260254,-0.13733677566051483,-1.5079481601715088,-5.347865581512451,1.042060136795044,1800
1.6633626222610474,-0.04826027527451515,0.0002875328063964844,-1.6488080024719238,4.37890625,26.339136123657227,-0.041470542550086975,-0.0007342696189880371,-12.854848861694336,0.9795592427253723,0.7454800009727478,1.1348316669464111,0.1796875,1.7836130857467651,-0.5866896510124207,-3.909193992614746,0.28214484453201294,-1.5995209217071533,-5.267841339111328,1.0847556591033936,1900
1.909671664237976,0.024137597531080246,0.0013881325721740723,-1.7029919624328613,4.48828125,28.23843765258789,-0.03585001081228256,0.005573153495788574,-12.115345001220703,0.8686285018920898,0.7576188445091248,1.1424269676208496,0.203125,1.9397860765457153,-0.5642077922821045,-2.5683512687683105,-0.3183813691139221,-2.0512280464172363,-7.327848434448242,0.9020655155181885,2000
1.9454028606414795,0.037968844175338745,0.00015684962272644043,-1.6789183616638184,4.43359375,48.02196502685547,0.06213659793138504,0.03780531883239746,-12.454473495483398,0.9889162182807922,0.7623673677444458,1.206745982170105,0.25390625,1.6581017971038818,-0.5525418519973755,-4.689115524291992,0.3829166293144226,-2.333204507827759,-7.487752437591553,1.2950098514556885,2100
2.468231201171875,0.026818200945854187,-0.002406001091003418,-1.6697051525115967,4.875,26.40137481689453,-0.014664774760603905,0.009294450283050537,-11.537862777709961,0.864963173866272,0.7598312497138977,1.2255315780639648,0.2265625,1.7257819175720215,-0.5994057655334473,-5.802116394042969,-0.40510281920433044,-2.3529858589172363,-6.8433427810668945,1.1096947193145752,2200
1.4603486061096191,-0.07289469242095947,-0.0003198385238647461,-1.3721332550048828,2.38671875,44.93677520751953,-0.03282415121793747,-0.01996290683746338,-12.294961929321289,0.884027898311615,0.7498289346694946,1.1862914562225342,0.1796875,1.4787644147872925,-0.7673766613006592,-6.114538669586182,-0.6785286068916321,-1.8869943618774414,-7.368654727935791,1.111850619316101,2300
2.13265323638916,-0.0004284670576453209,0.0010698437690734863,-1.86623215675354,6.1875,43.98540496826172,0.1186576634645462,0.06683295965194702,-11.26473617553711,0.7994635105133057,0.7328230738639832,1.1311544179916382,0.1953125,1.6458030939102173,-0.7193269729614258,-4.661469459533691,-0.10407088696956635,-2.2056450843811035,-7.814669132232666,0.6823141574859619,2400
2.3018341064453125,-0.059334807097911835,-4.2945146560668945e-05,-1.730063557624817,3.3203125,74.5133056640625,0.21340923011302948,0.08524203300476074,-13.76889419555664,1.0306328535079956,0.704577624797821,1.1393003463745117,0.28125,2.139713764190674,-0.6565284132957458,-6.562450408935547,0.17602601647377014,-2.2753772735595703,-7.285791397094727,1.164982557296753,2500
2.0017127990722656,-0.07169558107852936,-0.00647425651550293,-1.8969460725784302,5.69140625,67.0890121459961,-0.04924209415912628,-0.08790284395217896,-13.22937297821045,0.9964216351509094,0.6794103384017944,1.1046243906021118,0.234375,2.832869291305542,-0.6856067180633545,-4.94133186340332,0.17450562119483948,-2.74753999710083,-8.178044319152832,1.507451057434082,2600
4.439882278442383,0.07318227738142014,-7.987022399902344e-05,-1.7494232654571533,3.99609375,79.63945007324219,-0.10827147215604782,0.012259721755981445,-14.569220542907715,1.0739727020263672,0.6583594679832458,1.175347924232483,0.2578125,3.240513563156128,-0.7471357583999634,-5.243855953216553,-0.43587392568588257,-2.5480093955993652,-8.068219184875488,1.1467407941818237,2700
3.0983505249023438,0.020177431404590607,0.004625678062438965,-1.934032917022705,6.359375,68.42941284179688,-0.13450318574905396,-0.02714398503303528,-14.006717681884766,0.9759083986282349,0.6380239725112915,1.175081729888916,0.20703125,2.3814706802368164,-0.8838774561882019,-4.119515419006348,-0.1654941588640213,-2.951550245285034,-8.597187042236328,1.0618042945861816,2800
2.8926262855529785,0.04427673667669296,0.0008649826049804688,-1.792765736579895,4.47265625,69.10948181152344,-0.09897144883871078,-0.07045528292655945,-14.553422927856445,0.9800816774368286,0.616317629814148,1.1533408164978027,0.2109375,1.6319379806518555,-0.8863919973373413,-6.726221561431885,0.2095375806093216,-2.77602219581604,-7.741986274719238,1.2698945999145508,2900
2.602271556854248,-0.04916726425290108,0.00026416778564453125,-1.7138817310333252,4.453125,103.42550659179688,-0.08037495613098145,-0.05164101719856262,-14.05788803100586,0.9087977409362793,0.6021348237991333,1.1373295783996582,0.23828125,6.530640602111816,-0.7569728493690491,-4.871929168701172,-0.2839184105396271,-3.2721376419067383,-8.196634292602539,1.1249388456344604,3000
2.680359363555908,-0.07699907571077347,0.001428600400686264,-1.8920339345932007,4.0546875,120.74644470214844,0.2096158117055893,0.010751757770776749,-15.885791778564453,1.0015267133712769,0.5858529210090637,1.2440320253372192,0.296875,3.65627121925354,-0.7024005055427551,-7.402956008911133,0.5364909768104553,-3.3068132400512695,-8.5441255569458,1.7280113697052002,3100
4.468655586242676,0.008635737001895905,0.00012958049774169922,-1.9572782516479492,5.40625,112.70010375976562,0.17916357517242432,0.0036866068840026855,-14.7979154586792,0.8457806706428528,0.5789889693260193,1.1781790256500244,0.28125,3.376633405685425,-0.7268596291542053,-7.662496566772461,-0.29322630167007446,-3.741239070892334,-9.556071281433105,1.6014201641082764,3200
1.766205072402954,-0.013925157487392426,0.0042307376861572266,-1.3058698177337646,2.31640625,96.37944030761719,-0.20435136556625366,-0.03291267156600952,-17.656667709350586,1.0076102018356323,0.5723569989204407,1.0860955715179443,0.24609375,3.937105894088745,-0.752562940120697,-3.6884636878967285,0.18323127925395966,-3.695065975189209,-8.828520774841309,1.071968674659729,3300
4.536257266998291,-0.06561696529388428,-0.005063146352767944,-1.880281925201416,3.69921875,86.84980010986328,0.18402427434921265,0.008810669183731079,-13.240205764770508,0.7958427667617798,0.5588638186454773,1.284635066986084,0.2890625,5.308200836181641,-0.7059474587440491,-6.3536810874938965,0.21188417077064514,-3.2598133087158203,-9.844655990600586,1.9144878387451172,3400
4.600289344787598,0.05901828408241272,0.009821593761444092,-1.926501750946045,4.2109375,80.96199798583984,-0.03810526430606842,-0.09149003028869629,-13.391826629638672,0.7355946898460388,0.5472888350486755,1.242782711982727,0.2734375,2.717268943786621,-0.9027658700942993,-7.029556751251221,0.06218709796667099,-3.397153615951538,-9.590089797973633,1.7036247253417969,3500
4.115628242492676,-0.026608191430568695,0.0016356706619262695,-2.0002379417419434,5.24609375,95.3275375366211,-0.1046210452914238,-0.018453240394592285,-15.372148513793945,0.8857381939888,0.5421848297119141,1.1383140087127686,0.28125,5.384089469909668,-0.6568082571029663,-4.869797229766846,-0.38894858956336975,-4.130132675170898,-10.566597938537598,1.499057650566101,3600
4.013684272766113,-0.04415375739336014,-0.0026799142360687256,-1.3381834030151367,2.05859375,152.96978759765625,0.26067009568214417,0.032292693853378296,-18.19855499267578,0.9303581118583679,0.5433564186096191,1.2831933498382568,0.27734375,5.399369716644287,-0.7662941217422485,-6.219831943511963,-0.14130431413650513,-3.916121006011963,-10.242293357849121,2.2910170555114746,3700
4.849584579467773,-0.010400742292404175,0.0004956722259521484,-1.6071949005126953,3.27734375,125.37112426757812,0.4398491084575653,0.1056666374206543,-17.557077407836914,1.019266963005066,0.5396081209182739,1.2223434448242188,0.29296875,4.979776859283447,-0.6805661916732788,-6.899949073791504,-0.0290396548807621,-3.7109732627868652,-10.13783073425293,1.566572904586792,3800
7.236928462982178,0.1865091770887375,0.009353101253509521,-1.7403552532196045,5.68359375,125.80497741699219,-0.09319806843996048,0.025927066802978516,-17.485355377197266,0.9969814419746399,0.53654545545578,1.249260663986206,0.32421875,4.8423662185668945,-0.6697156429290771,-8.63053035736084,0.5870324969291687,-3.9910013675689697,-10.422605514526367,2.1877918243408203,3900
4.422846794128418,0.10181151330471039,0.053330421447753906,-1.9304850101470947,4.546875,122.85635375976562,-0.2057117074728012,-0.045862436294555664,-14.969459533691406,0.8313413858413696,0.5314064621925354,1.221161127090454,0.296875,5.646003246307373,-0.7622174620628357,-8.5895357131958,0.4873170852661133,-3.9960789680480957,-11.192214965820312,1.8608384132385254,4000
4.613768577575684,-0.011796284466981888,-0.00014126300811767578,-2.254208564758301,4.53515625,135.580322265625,0.19457823038101196,0.14356815814971924,-13.534408569335938,0.7167553901672363,0.5296171307563782,1.2571871280670166,0.26171875,4.829992294311523,-0.8351461887359619,-7.06565523147583,0.3858698308467865,-3.935337781906128,-10.920295715332031,1.864774227142334,4100
6.545273780822754,0.14950750768184662,0.008819580078125,-1.9893991947174072,6.3515625,94.34178161621094,0.20327898859977722,0.015581488609313965,-13.8746976852417,0.7472842335700989,0.5243006944656372,1.3357532024383545,0.32421875,7.814580917358398,-0.7358262538909912,-9.974363327026367,-0.05546780675649643,-4.506874084472656,-11.173051834106445,2.347342014312744,4200
5.105527400970459,0.11515788733959198,-0.0003420636057853699,-1.809145450592041,5.3515625,131.2540283203125,-0.11010086536407471,-0.020107507705688477,-14.073528289794922,0.6959050297737122,0.5206543207168579,1.2049586772918701,0.2734375,3.164247512817383,-0.8195019960403442,-5.91373348236084,-0.03246993571519852,-4.506070613861084,-11.576083183288574,1.3075300455093384,4300
5.620739936828613,0.0403815321624279,0.00013551115989685059,-2.009084463119507,5.63671875,103.01969146728516,-0.2958460748195648,-0.014472484588623047,-12.626121520996094,0.6280137300491333,0.52165287733078,1.3179439306259155,0.33203125,4.569529056549072,-0.7392122745513916,-8.754533767700195,0.3668246269226074,-4.222270488739014,-12.050339698791504,2.4750781059265137,4400
5.060909271240234,0.09382370114326477,0.002669095993041992,-2.1010892391204834,5.37890625,140.18856811523438,0.09468721598386765,0.027170777320861816,-15.30599308013916,0.8191734552383423,0.522461473941803,1.2653696537017822,0.27734375,4.2944560050964355,-0.8165770769119263,-8.562129020690918,0.2312372922897339,-4.552818298339844,-11.75700855255127,3.251248359680176,4500
4.2174177169799805,0.06142657995223999,0.010146260261535645,-2.108506679534912,6.02734375,127.48942565917969,0.23389460146427155,0.0698220431804657,-10.689587593078613,0.5725798606872559,0.5228120684623718,1.296822428703308,0.27734375,4.38490629196167,-0.8379688858985901,-8.464207649230957,0.4508701264858246,-4.235051155090332,-12.165496826171875,2.320399284362793,4600
7.027585983276367,0.11494960635900497,0.006392717361450195,-1.9965060949325562,5.7421875,93.06227111816406,-0.12352548539638519,0.0007722377777099609,-14.38191032409668,0.7064418196678162,0.5225903391838074,1.2959705591201782,0.3359375,2.867527723312378,-0.7687223553657532,-10.685956001281738,0.01595655083656311,-4.00626802444458,-12.012292861938477,2.633856773376465,4700
7.1625776290893555,0.13853317499160767,0.015685677528381348,-2.0281033515930176,5.05859375,103.51947021484375,0.2827049493789673,0.2254849672317505,-11.549125671386719,0.5746703743934631,0.5204371809959412,1.3463387489318848,0.328125,3.925975799560547,-0.6662390232086182,-6.448828220367432,2.623472213745117,-5.391153335571289,-12.889698028564453,2.185302734375,4800
3.874526023864746,-0.1315349042415619,0.0023575425148010254,-1.7008002996444702,4.13671875,160.35418701171875,-0.16883255541324615,0.03566160798072815,-19.248497009277344,0.9465803503990173,0.5140213370323181,1.4858505725860596,0.265625,4.175535202026367,-0.9613848328590393,-9.968481063842773,0.7280206680297852,-5.589040279388428,-13.158181190490723,2.851047992706299,4900
5.860206604003906,0.03887326270341873,0.0032082796096801758,-1.962555170059204,5.66015625,147.96517944335938,0.23146164417266846,0.02023601531982422,-13.796361923217773,0.710891842842102,0.5167586207389832,1.371520757675171,0.265625,5.459175109863281,-0.8047810196876526,-7.437479019165039,0.06660037487745285,-4.689165115356445,-13.351093292236328,2.618335247039795,5000
5.919156074523926,0.08588626980781555,0.041624754667282104,-1.3944684267044067,3.28515625,180.05374145507812,-0.2774618864059448,-0.07805824279785156,-19.90771484375,1.0506333112716675,0.5155083537101746,1.4907429218292236,0.3359375,6.862404823303223,-0.7415543794631958,-9.52011775970459,0.18363988399505615,-5.7442169189453125,-13.541399955749512,3.4741461277008057,5100
5.2565155029296875,0.09663346409797668,-0.0012155771255493164,-1.9108750820159912,4.73046875,89.42305755615234,-0.08632485568523407,0.0021501779556274414,-11.066604614257812,0.5676714777946472,0.5162439942359924,1.2742748260498047,0.30078125,3.4033608436584473,-0.8187942504882812,-8.748556137084961,0.19621849060058594,-5.0232439041137695,-13.870057106018066,1.7711769342422485,5200
1.7607381343841553,-0.1022123396396637,0.00583958625793457,-1.0392472743988037,2.13671875,163.84371948242188,-0.09443584084510803,0.022823691368103027,-17.681262969970703,0.8484987616539001,0.5175222754478455,1.3552157878875732,0.296875,3.728304862976074,-0.827869176864624,-8.294921875,0.6331629157066345,-5.772751331329346,-14.151259422302246,3.056896209716797,5300
3.7929420471191406,0.03186493366956711,0.016272040084004402,-2.161649227142334,6.015625,142.3066864013672,0.03709222376346588,0.04833540320396423,-13.96169662475586,0.7625400424003601,0.5161992907524109,1.4499014616012573,0.30859375,4.2987141609191895,-0.7915171384811401,-11.316089630126953,0.3406327962875366,-5.101944923400879,-14.257780075073242,2.850888967514038,5400
3.3807077407836914,-0.03869851306080818,0.0508573055267334,-1.4474793672561646,3.453125,178.08822631835938,0.5380736589431763,0.08320045471191406,-17.098987579345703,0.8449953198432922,0.5161489844322205,1.3199970722198486,0.29296875,4.769893646240234,-0.7631902098655701,-7.784151554107666,2.162555456161499,-6.04019021987915,-14.666093826293945,2.1698107719421387,5500
9.11666202545166,0.1418716311454773,-0.0005810260772705078,-2.045971155166626,6.05078125,169.80267333984375,0.017273686826229095,0.10841059684753418,-14.162406921386719,0.7041546702384949,0.5142830610275269,1.3242534399032593,0.32421875,8.943337440490723,-0.7235642075538635,-8.85023307800293,0.11334051936864853,-5.7114176750183105,-15.022360801696777,2.531759262084961,5600
5.0970258712768555,0.07871957123279572,0.009381890296936035,-2.246347427368164,6.40625,115.70216369628906,-0.22131386399269104,-0.01224258542060852,-11.82889175415039,0.5952370166778564,0.5155993700027466,1.3028278350830078,0.296875,3.463545799255371,-0.8178168535232544,-9.237460136413574,-0.01667061448097229,-5.253830909729004,-15.157867431640625,1.8429162502288818,5700
6.37956428527832,-0.0006104856729507446,0.01788806915283203,-1.9843802452087402,5.32421875,173.0281982421875,0.04445992410182953,0.12282800674438477,-15.710418701171875,0.8386510014533997,0.5174352526664734,1.382279634475708,0.27734375,4.557568550109863,-0.9217249155044556,-10.908214569091797,0.23734277486801147,-5.911511421203613,-15.03756046295166,2.64644193649292,5800
4.423994064331055,0.05489937961101532,0.047728583216667175,-1.701691746711731,3.421875,183.3238525390625,0.059125080704689026,0.05569574236869812,-15.467315673828125,0.7645677924156189,0.5228833556175232,1.2521390914916992,0.33203125,5.161738872528076,-0.6025587320327759,-5.3120927810668945,0.8735793232917786,-5.842988014221191,-15.314823150634766,2.2079954147338867,5900
6.037890434265137,0.1461702585220337,0.05280125141143799,-1.7244035005569458,3.296875,133.9476318359375,-0.2973237633705139,-0.07445526123046875,-14.670326232910156,0.7346195578575134,0.5256859064102173,1.5418235063552856,0.3125,8.33053207397461,-0.7874152064323425,-11.999317169189453,0.09022677689790726,-6.165179252624512,-15.753585815429688,4.686350345611572,6000
4.6307148933410645,0.10470763593912125,0.024392366409301758,-1.8749715089797974,4.74609375,149.25570678710938,-0.2301887720823288,-0.11905765533447266,-11.631124496459961,0.6143336296081543,0.5323419570922852,1.3717024326324463,0.296875,4.118454456329346,-0.7373765707015991,-10.046781539916992,0.6969029903411865,-5.4012041091918945,-15.790281295776367,2.533306121826172,6100
9.677372932434082,0.3113704025745392,0.028110086917877197,-1.9853436946868896,5.87890625,161.8789825439453,0.27174675464630127,0.056386470794677734,-13.633121490478516,0.7102823257446289,0.5326840281486511,1.4791538715362549,0.33984375,5.42340087890625,-0.813168466091156,-7.7674665451049805,0.11508747190237045,-5.674127578735352,-16.165325164794922,2.8855159282684326,6200
5.932470798492432,0.1922157257795334,0.00875478982925415,-1.7544817924499512,3.86328125,168.43716430664062,-0.12456108629703522,-0.11114358901977539,-12.920045852661133,0.6622874140739441,0.5337088704109192,1.4099754095077515,0.30078125,7.11044979095459,-0.834888219833374,-10.137274742126465,0.2392355352640152,-5.637171745300293,-16.293264389038086,2.8618149757385254,6300
5.634510040283203,0.0787259042263031,0.017992854118347168,-2.0451905727386475,6.86328125,119.67737579345703,0.16205504536628723,-0.009360313415527344,-10.95593547821045,0.5913219451904297,0.5375796556472778,1.367236614227295,0.34375,7.574448108673096,-0.6705107688903809,-12.563461303710938,0.35797640681266785,-5.04850959777832,-15.693805694580078,3.9081759452819824,6400
6.132350921630859,0.09360577166080475,-0.004477500915527344,-2.1980113983154297,4.52734375,130.91876220703125,-0.5731547474861145,0.02953481674194336,-13.434085845947266,0.6586064100265503,0.5383130311965942,1.3422811031341553,0.375,6.078788757324219,-0.5238430500030518,-8.20399284362793,0.007690899074077606,-5.319576263427734,-16.978940963745117,2.682504653930664,6500
4.360860347747803,-0.09108109027147293,0.001406550407409668,-1.9336047172546387,4.96484375,99.85235595703125,0.2594100832939148,0.00287628173828125,-11.973735809326172,0.5914293527603149,0.5384904742240906,1.2566406726837158,0.28125,5.155965805053711,-0.8176312446594238,-7.287652015686035,-0.1503375619649887,-6.400755882263184,-17.217164993286133,1.6747339963912964,6600
7.575019359588623,0.018400296568870544,0.00873333215713501,-1.8848464488983154,4.07421875,232.4200439453125,0.5353289842605591,0.10672521591186523,-14.855777740478516,0.7707421779632568,0.5424955487251282,1.375363826751709,0.34375,8.157842636108398,-0.7038792371749878,-8.332637786865234,0.7901330590248108,-6.402068138122559,-17.522907257080078,2.7745614051818848,6700
6.515211582183838,0.05205494165420532,-0.006150849163532257,-2.054579734802246,5.19921875,115.54925537109375,-0.5184841156005859,-0.08449125289916992,-11.357582092285156,0.5822494626045227,0.5440711379051208,1.4009807109832764,0.296875,8.501867294311523,-0.7906888723373413,-10.514981269836426,0.13004080951213837,-5.784242630004883,-17.34376335144043,2.889737606048584,6800
8.289530754089355,0.08951655775308609,0.04198503494262695,-2.0242176055908203,6.0625,140.18417358398438,-0.11389511823654175,-0.09731684625148773,-11.541224479675293,0.6464734673500061,0.5489959120750427,1.5503196716308594,0.30078125,11.098496437072754,-0.9072674512863159,-11.17341136932373,0.5935604572296143,-6.580447196960449,-17.348190307617188,4.237447738647461,6900
6.2287774085998535,-0.03893355280160904,-0.0015561282634735107,-2.3240911960601807,7.58203125,132.15875244140625,0.27576643228530884,0.16426444053649902,-8.8343505859375,0.4784889221191406,0.5522564649581909,1.2616243362426758,0.3046875,5.524049282073975,-0.5978617668151855,-6.936649799346924,0.10141462087631226,-5.944511413574219,-17.86511993408203,3.1136879920959473,7000
5.778548240661621,0.23497748374938965,0.018860816955566406,-1.8749219179153442,3.859375,139.80462646484375,0.05430522561073303,0.09325981140136719,-10.312124252319336,0.4837944507598877,0.5546256303787231,1.2749099731445312,0.3125,3.004195213317871,-0.845922589302063,-9.45240592956543,0.840242862701416,-5.76983642578125,-17.7835693359375,2.000272750854492,7100
6.452299118041992,-0.015663910657167435,-0.0005099773406982422,-1.733670711517334,3.98828125,229.99012756347656,0.5325270295143127,0.25550270080566406,-13.731780052185059,0.7460601329803467,0.5565797686576843,1.375755786895752,0.37890625,4.284307479858398,-0.6919654607772827,-7.54394006729126,0.03643841668963432,-6.590155601501465,-18.73135757446289,2.5624959468841553,7200
4.7515740394592285,-0.04020950198173523,-0.004035890102386475,-2.0192558765411377,4.93359375,161.05532836914062,0.10680852830410004,0.1215825080871582,-10.64914321899414,0.5258710980415344,0.5586767792701721,1.4105627536773682,0.31640625,7.122459411621094,-0.7389522790908813,-8.4650239944458,0.2567378878593445,-5.9999589920043945,-18.80553436279297,2.696835517883301,7300
7.094791412353516,-0.01983867585659027,0.03406074643135071,-1.8722176551818848,4.73828125,175.8197784423828,-0.129425048828125,0.0338362455368042,-13.308043479919434,0.65620356798172,0.562542736530304,1.4701348543167114,0.33984375,10.407571792602539,-0.7666866779327393,-10.788971900939941,0.22609806060791016,-6.423315048217773,-19.05371856689453,4.072446823120117,7400
5.804980754852295,0.0625247061252594,0.0,-1.4726213216781616,3.37109375,237.40292358398438,-0.5479440689086914,0.18313679099082947,-16.666603088378906,0.8664726614952087,0.5673988461494446,1.439150094985962,0.3203125,4.745208740234375,-0.892619252204895,-9.500286102294922,0.5212903618812561,-6.581075191497803,-19.282054901123047,2.5352025032043457,7500
6.730450630187988,0.08580353856086731,0.0466192364692688,-2.045130729675293,6.04296875,144.23895263671875,-0.17527008056640625,-0.007515430450439453,-11.93641471862793,0.7038188576698303,0.5677728056907654,1.4337551593780518,0.3359375,4.2743096351623535,-0.8085696697235107,-14.887816429138184,0.34229427576065063,-6.0074639320373535,-18.430248260498047,3.0469040870666504,7600
6.470320701599121,0.09642674028873444,0.014314025640487671,-1.9148467779159546,3.91015625,159.22314453125,-0.19137613475322723,-0.20063433051109314,-10.026463508605957,0.4679494798183441,0.5681115984916687,1.4003806114196777,0.33984375,11.336181640625,-0.7000194787979126,-6.861414909362793,-0.06774906069040298,-6.142882823944092,-19.399438858032227,3.4505934715270996,7700
3.9365968704223633,-0.05912317335605621,0.03219848871231079,-2.2922041416168213,6.375,156.999267578125,-0.47467294335365295,-0.15620994567871094,-9.609047889709473,0.5059320330619812,0.5688523650169373,1.4096691608428955,0.3125,11.211575508117676,-0.6983753442764282,-9.123723030090332,0.3858289420604706,-6.976226806640625,-19.78278923034668,3.2291455268859863,7800
5.346091270446777,-0.007917612791061401,-0.020085573196411133,-1.7186933755874634,3.37109375,282.28692626953125,0.49989864230155945,0.32546257972717285,-13.452165603637695,0.653598964214325,0.5719438791275024,1.680336594581604,0.31640625,7.786508560180664,-0.7957903146743774,-14.30339241027832,0.3098873198032379,-7.665633678436279,-20.237384796142578,5.1800737380981445,7900
3.986025810241699,-0.2080860137939453,-0.013040542602539062,-2.077392816543579,6.15625,130.50799560546875,0.0005245469510555267,0.11319589614868164,-8.78036880493164,0.4591352641582489,0.5774778723716736,1.56434166431427,0.3125,4.70391845703125,-0.8148342370986938,-12.271753311157227,0.30530592799186707,-6.410730361938477,-19.644174575805664,3.334834098815918,8000
5.92849063873291,0.07304618507623672,0.005758762359619141,-2.3530807495117188,6.140625,171.04888916015625,0.2183985710144043,0.14764642715454102,-10.81359577178955,0.5928158164024353,0.5788586735725403,1.4972386360168457,0.30078125,5.497673034667969,-0.9152509570121765,-9.253205299377441,1.4069490432739258,-6.400444984436035,-20.452016830444336,3.4840173721313477,8100
7.446913719177246,0.1655556857585907,0.022547036409378052,-1.7722721099853516,4.078125,170.6395721435547,0.039959073066711426,0.046830177307128906,-11.992012977600098,0.6015968322753906,0.5803170800209045,1.372503638267517,0.33984375,10.299169540405273,-0.5951098203659058,-9.83574104309082,0.07944834232330322,-7.521427631378174,-20.83884620666504,4.108606338500977,8200
6.988672733306885,-0.016816521063447,-0.002065137028694153,-1.9165318012237549,5.59375,184.20944213867188,0.5673074126243591,0.10338139533996582,-12.027584075927734,0.6639493107795715,0.5818924307823181,1.4021153450012207,0.26953125,7.492010116577148,-0.9059709906578064,-10.728788375854492,0.49211207032203674,-7.955442905426025,-20.965526580810547,3.136425256729126,8300
6.007191181182861,0.12870946526527405,0.0061953067779541016,-2.0382747650146484,4.421875,216.14358520507812,0.566972017288208,0.36369919776916504,-11.269513130187988,0.5938193202018738,0.5879752039909363,1.4481064081192017,0.26953125,6.406357288360596,-0.9872176051139832,-12.190439224243164,0.02994876354932785,-7.293408393859863,-21.12904930114746,2.8331568241119385,8400
8.222769737243652,0.05230536311864853,0.017718255519866943,-1.9187697172164917,4.9609375,237.7647705078125,0.5273846983909607,0.017177581787109375,-11.734905242919922,0.665486752986908,0.5882171988487244,1.777380108833313,0.33203125,8.900864601135254,-1.006544589996338,-19.256181716918945,0.9080556631088257,-6.5092291831970215,-21.37816047668457,5.565952301025391,8500
4.834766387939453,0.13436907529830933,0.012050509452819824,-1.8355681896209717,4.04296875,219.51121520996094,0.22503533959388733,-0.012374818325042725,-12.776741027832031,0.7374409437179565,0.5894917249679565,1.3171170949935913,0.328125,3.744443893432617,-0.720799446105957,-5.269763946533203,0.6378016471862793,-7.228703498840332,-21.46186065673828,1.9688063859939575,8600
5.156893730163574,0.09353607892990112,-0.0005033910274505615,-1.939300298690796,5.0546875,120.47494506835938,-0.1903664767742157,-0.1253977119922638,-10.073369026184082,0.5070065855979919,0.5885078310966492,1.3017516136169434,0.3203125,7.614346981048584,-0.6995452642440796,-6.4559245109558105,0.24547278881072998,-7.753937721252441,-21.847816467285156,2.3802497386932373,8700
6.976583480834961,0.2408885508775711,0.0,-1.662916660308838,3.80078125,191.09194946289062,-0.3589175045490265,-0.013990283012390137,-11.528997421264648,0.5876505970954895,0.5870928168296814,1.4611115455627441,0.33203125,15.30752944946289,-0.7652841210365295,-18.155981063842773,0.573293924331665,-6.8145751953125,-22.196914672851562,5.743095397949219,8800
4.264107704162598,-0.025653980672359467,-0.010515213012695312,-1.7891161441802979,3.3984375,156.60000610351562,0.12384331226348877,0.0969458818435669,-10.722352981567383,0.5391578078269958,0.5888158679008484,1.44181489944458,0.30859375,8.245975494384766,-0.6624407172203064,-8.738563537597656,1.59982430934906,-8.298027992248535,-22.210365295410156,3.64990496635437,8900
7.703862190246582,0.2387949526309967,0.013049870729446411,-2.345792770385742,5.5390625,165.43096923828125,0.21426548063755035,0.0531768798828125,-9.631976127624512,0.5098615288734436,0.5893780589103699,1.3418104648590088,0.31640625,8.454416275024414,-0.6370863914489746,-8.198638916015625,0.25961941480636597,-6.974056243896484,-21.851791381835938,2.723532199859619,9000
5.40932559967041,0.14333148300647736,0.005159467458724976,-2.083653211593628,3.75,122.612060546875,-0.7185884714126587,-0.4085978865623474,-10.434690475463867,0.5451455116271973,0.5897457003593445,1.569979190826416,0.26171875,13.423171997070312,-1.0054004192352295,-10.876554489135742,-0.122613325715065,-7.381260871887207,-22.715286254882812,3.9191627502441406,9100
4.248587131500244,0.04988372325897217,0.026689141988754272,-1.1296054124832153,1.63671875,235.86279296875,-0.29300183057785034,-0.08785241842269897,-11.698963165283203,0.5718091130256653,0.5864275693893433,1.4743807315826416,0.2734375,5.674173355102539,-0.9754155278205872,-16.863784790039062,1.6631324291229248,-8.365907669067383,-23.159587860107422,2.9904375076293945,9200
5.315922737121582,0.08341734111309052,0.03806185722351074,-1.9634138345718384,4.44140625,203.5513153076172,0.1552259922027588,0.11105513572692871,-9.128095626831055,0.4493287205696106,0.5877599716186523,1.473649024963379,0.3125,6.251800537109375,-0.8035659790039062,-11.573860168457031,3.228194236755371,-7.764094829559326,-23.333019256591797,3.4978301525115967,9300
7.160833835601807,-0.018356919288635254,-0.001073211431503296,-1.8402849435806274,3.91796875,301.64892578125,0.45040690898895264,0.1883697509765625,-14.900688171386719,0.8439467549324036,0.5881043672561646,1.5410712957382202,0.3125,7.015796661376953,-0.9036844968795776,-18.135761260986328,0.1728876531124115,-7.338722229003906,-23.79444694519043,3.3339943885803223,9400
4.436013221740723,-0.006957238540053368,0.03451180458068848,-2.172062873840332,4.5,179.27374267578125,-0.42481350898742676,-0.14497992396354675,-10.095254898071289,0.5148279070854187,0.5885216593742371,1.369537115097046,0.2890625,8.777633666992188,-0.8126832842826843,-10.962479591369629,1.2233765125274658,-7.35856819152832,-23.671100616455078,2.560661792755127,9500
4.294968128204346,0.021790876984596252,0.014684200286865234,-1.9794708490371704,4.1953125,169.5672149658203,-0.07892385125160217,0.21031761169433594,-11.05744743347168,0.5556146502494812,0.5921209454536438,1.5193032026290894,0.29296875,9.22095775604248,-0.9484836459159851,-13.711991310119629,0.6858887076377869,-7.829105377197266,-23.78231430053711,3.4191808700561523,9600
5.587440490722656,0.39596399664878845,0.09617754817008972,-1.2282425165176392,2.375,244.78152465820312,0.07797907292842865,-0.11935073137283325,-12.219306945800781,0.6128606796264648,0.5934943556785583,1.551825761795044,0.30078125,10.212810516357422,-0.8262529969215393,-9.423090934753418,0.26252666115760803,-8.773377418518066,-24.5196475982666,5.114217281341553,9700
7.516648769378662,0.35837969183921814,0.017935514450073242,-1.802238941192627,4.51171875,276.20550537109375,0.5707050561904907,0.13816547393798828,-13.302787780761719,0.7073138356208801,0.5940181612968445,1.516930341720581,0.296875,13.686803817749023,-0.7023211717605591,-13.094511985778809,0.15468086302280426,-8.330986976623535,-23.67134666442871,6.148972511291504,9800
5.992444038391113,0.11580765247344971,0.00835023820400238,-2.065911293029785,5.76953125,249.60874938964844,0.5482626557350159,0.5034260749816895,-10.54114055633545,0.5107623934745789,0.5935001373291016,1.4504544734954834,0.2578125,3.4180140495300293,-1.039699673652649,-8.463425636291504,0.17397890985012054,-8.351746559143066,-24.9475040435791,2.0810890197753906,9900
6.055976867675781,0.1045464277267456,0.008894205093383789,-1.9882774353027344,5.40234375,184.80154418945312,0.2537252902984619,0.024801403284072876,-10.417413711547852,0.5410000681877136,0.5895075798034668,1.5201170444488525,0.31640625,5.193604469299316,-0.8823300004005432,-10.848048210144043,0.6124714016914368,-7.007719039916992,-24.736690521240234,3.1091201305389404,10000
